6;#NationalVoterRegistrationDay
11;#VoterRegistrationDay
11;#MakeAmericaGreatAgain
13;#MAGA
15;#ImWithYou
16;#MAGA
18;#NationalVoterRegistrationDay
19;#LoveTrumpsHate
20;#StrongerTogether
29;#NationalVoterRegistrationDay
30;#NationalVoterRegistrationDay
31;#Debates2016
31;#NationalVoterRegistrationDay
33;#MAGA
34;#SheWon
35;#iRegistered
38;#NationalVoterRegistrationDay
39;#SheWon
40;#AmericaFirst
40;#MAGA
40;#ImWithYou
41;#NationalVoterRegistrationDay
44;#SheWon
46;#SheWon
47;#TrumpWon
47;#MAGA
51;#1
51;#TrumpWon
55;#SheWon
58;#DebateNight
59;#MAGA
60;#DebateNight
60;#AmericaFirst
60;#ImWithYou
61;#DebateNight
61;#AmericaFirst
61;#MAGA
63;#debatenight
65;#DebateNight
66;#AmericaFirst
66;#Debates2016
67;#AmericaFirst
68;#Debates2016
68;#MAGA
69;#debatenight
70;#DebateNight
72;#ImWithHer
73;#debatenight
76;#debatenight
77;#debatenight
79;#DebateNight
80;#Benghazi
80;#Debates2016
80;#debatenight
81;#debatenight
82;#debatenight
83;#ISIS
83;#DebateNight
84;#debatenight
86;#DebateNight
88;#debatenight
89;#DebateNight
92;#debate
93;#Debates2016
94;#Debates2016
94;#MAGA
95;#DebateNight
98;#debate
99;#debatenight
101;#DebateNight
102;#DebateNight
104;#Debate
105;#debatenight
106;#DebateNight
107;#debatenight
108;#DebateNight
109;#DebateNight
110;#debatenight
111;#DebateNight
113;#Debates2016
113;#MAGA
114;#debatenight
115;#MAGA
116;#DebateNight
117;#Debates2016
118;#debatenight
120;#debatenight
121;#Debates2016
124;#DebateNight
125;#Debates2016
127;#debate
128;#debatenight
129;#TPP
129;#Debates2016
131;#debatenight
132;#DebateNight
135;#debate
137;#Debates2016
140;#DebateNight
141;#DebateNight
142;#DebateNight
143;#DebateNight
144;#DebateNight
145;#DebateNight
147;#DebateNight
150;#DebateNight
150;#TrumpPence16
152;#DebateNight
153;#DebateNight
159;#DebateNight
160;#Polls
160;#slipping
160;#Debates2016
161;#DebateNight
162;#DebateNight
163;#DebateNight
167;#Debates2016
168;#TrumpTrain
174;#LoveTrumpsHate
192;#AmericaFirst
198;#LoveTrumpsHate
205;#TrumpTrain
205;#MAGA
208;#DeclareYourAmbition
218;#OpioidAwarenessWeek
222;#TrumpTrain
222;#MAGA
231;#MakeAmericaGreatAgain
241;#ADA
241;#imwithher
241;#CripTheVote
242;#MAGA
254;#MAGA
295;#TerenceCrutcher
298;#UNGA
303;#AmericaFirst
303;#MakeAmericaGreatAgain
304;#AmericaFirst
304;#MakeAmericaGreatAgain
310;#ImWithYou
310;#AmericaFirst
367;#polls
412;#MAGA
458;#AmericaFirst
461;#TheDonald
461;#JimmyFallon
461;#TheTonightShow
461;#TrumpPence16
462;#MyTeacherIsWeird
462;#FallonTonight
483;#HispanicHeritageMonth
503;#MAGA
508;#LESM
508;#MAGA
509;#MAGA
519;#LibrarianOfCongress
520;#MAGA
520;#AmericaFirst
522;#WeTrumpHate
540;#ImWithYou
560;#ImWithYou
560;#AmericaFirst
583;#election2016
608;#MakeAmericaGreatAgain
610;#MakeAmericaGreatAgain
613;#AmericaFirst
613;#MAGA
626;#MAGA
668;#AmericaFirst
676;#AmericaFirst
676;#ImWithYou
678;#LoveTrumpsHate
684;#MakeAmericaGreatAgain
693;#ImWithYou
693;#MAGA
696;#AmericaFirst
696;#TrumpTrain
714;#AmericaFirst
714;#ImWithYou
724;#POTUS
738;#CommanderInChiefForum
743;#NBCNewsForum
744;#NBCNewsForum
748;#NBCNewsForum
749;#NBCNewsForum
750;#NBCNewsForum
752;#NBCNewsForum
756;#NBCNewsForum
757;#NBCNewsForum
758;#NBCNewsForum
759;#NBCNewsForum
760;#NBCNewsForum
762;#NBCNewsForum
769;#AmericaFirst
780;#AmericaFirst
780;#MAGA
785;#media
790;#VoteTrump
790;#MakeAmericaGreatAgain
796;#ImWithYou
809;#VoteTrump
810;#VoteTrump
810;#ImWithYou
813;#1
815;#AmericaFirst
824;#AmericaFirst
829;#LaborDay
830;#AmericaFirst
833;#LaborDay
833;#AmericaFirst
835;#MAGA
870;#MakeAmericaGreatAgain
870;#ImWithYou
876;#MAGA
891;#ImWithYou
899;#ALConvention2016
905;#AmericaFirst
905;#ImWithYou
906;#AmericaFirst
907;#MakeAmericaGreatAgain
907;#ImWithYou
908;#MakeAmericaGreatAgain
908;#ImWithYou
909;#TrumpPence16
916;#ImWithYou
946;#ImWithYou
946;#AmericaFirst
949;#TrumpinEverett
952;#MAGA
956;#MAGA
969;#ImWithYou
970;#ImWithYou
973;#Obamacare
978;#RIP
978;#JuanGabriel
978;#DivoDeJuarez
996;#GoodTrouble
1002;#VoteTrump
1004;#TrumpPence2016
1004;#NeverHillary
1006;#StrongerTogether
1008;#ImWithYou
1011;#StrongerTogether
1016;#BlackMenForBernie
1016;#Hillary2016
1016;#BlacksForTrump
1019;#ImWithYou
1020;#AmericaFirst
1020;#TrumpPence16
1021;#ImWithYou
1023;#MakeAmericaGreatAgain
1024;#Enjoy
1027;#WomensEqualityDay
1031;#CrookedHillary
1033;#WomensEqualityDay
1036;#WomensEqualityDay
1040;#WomensEqualityDay
1050;#FlashbackFriday
1056;#NPS100
1063;#CrookedHillary
1102;#NPS100
1105;#brexit
1105;#MAGA
1110;#Hannity
1110;#BuildTheWall
1112;#AmericaFirst
1112;#ImWithYou
1114;#TrumpPence16
1120;#MakeAmericaGreatAgain
1121;#MakeAmericaGreatAgain
1123;#MakeAmericaSafeAgain
1127;#MakeAmericaGreatAgain
1130;#ImWithHer
1132;#Diwali
1134;#BlackWomensEqualPay
1137;#LAflood
1142;#smallbiz
1173;#TeamTrump
1174;#MAGA
1174;#TrumpPence16
1191;#MAGA
1192;#TrumpPence16
1200;#TrumpPence16
1204;#MAGA
1204;#AlwaysTrump
1206;#StandWithLouisiana
1207;#WheresHillary
1213;#TrumpPence16
1215;#WHD
1222;#ImWithYou
1222;#TrumpTrain
1228;#MakeAmericaGreatAgain
1234;#RosanellEaton
1251;#MakeAmericaGreatAgain
1251;#ImWithYou
1254;#Obamacare
1264;#ImWithYou
1265;#MakeAmericaGreatAgain
1265;#ImWithYou
1266;#ImWithYou
1268;#LawandOrder
1268;#ImWithYou
1269;#LawandOrder
1269;#ImWithYou
1271;#MakeAmericaGreatAgain
1279;#Obamacare
1292;#DACA
1297;#extremevetting
1349;#MakeAmericaGreatAgain
1349;#USA
1354;#TrumpTrain
1365;#MakeAmericaGreatAgain
1368;#YouthDay
1369;#MAGA
1386;#TBT
1427;#MakeAmericaGreatAgain
1440;#MakeAmericaGreatAgain
1442;#MAGA
1453;#LESM
1460;#TrumpPence16
1462;#TrumpPence16
1465;#MakeAmericaGreatAgain
1466;#ElectionDay
1466;#2A
1466;#DefendtheSecond
1466;#NeverHillary
1467;#2A
1467;#SCOTUS
1467;#NeverHillary
1475;#MAGA
1475;#NeverHillary
1489;#MakeAmericaGreatAgain
1495;#taxplan
1495;#smallbiz
1504;#NeverTrump
1518;#ICYMI
1525;#PurpleHeartDay
1527;#ImWithHernandez
1528;#VirWINia
1534;#sendDonaldtospace
1535;#TrumpPence16
1535;#MAGA
1540;#DemConvention
1541;#RestoreTheVRA
1544;#CrookedHillary
1544;#TrumpPence16
1549;#ugpride2016
1550;#RestoreTheVRA
1555;#TeamUSA
1555;#OpeningCeremony
1555;#Rio2016
1557;#TrumpPence16
1557;#MAGA
1559;#TrumpPence16
1561;#MAGA
1561;#TrumpTrain
1570;#NABJNAHJ16
1592;#MakeAmericaGreatAgain
1602;#CoastGuardDay
1607;#MAGA
1611;#MakeAmericaGreatAgain
1613;#MAGA
1613;#ImWithYou
1614;#LESM
1614;#MAGA
1615;#MakeAmericaGreatAgain
1644;#ICYMI
1646;#MakeAmericaGreatAgain
1650;#ImWithYou
1652;#DemConvention
1654;#DemConvention
1654;#ImWithHer
1657;#CrookedHillary
1659;#MAGA
1660;#TrumpMovement
1660;#MAGA
1670;#ImWithYou
1670;#MAGA
1672;#ImWithYou
1672;#MAGA
1673;#MakeAmericaGreatAgain
1673;#ImWithYou
1699;#VoterFraud
1699;#MSM
1713;#1
1720;#CrookedHillary
1737;#ImWithHer
1740;#KhizrKhan
1742;#MAGA
1748;#Trump2016
1749;#MakeAmericaGreatAgain
1752;#CrookedHillary
1753;#MakeAmericaGreatAgain
1753;#LESM
1770;#TrumpPence16
1776;#NeverHillary
1778;#NeverHillary
1843;#StrongerTogether
1875;#DemConvention
1882;#DemsInPhilly
1884;#DemsInPhilly
1885;#DemConvention
1885;#DemsInPhilly
1889;#TBT
1889;#MAGA
1896;#DemsInPhilly
1897;#MAGA
1901;#DNC
1905;#NATO
1905;#DemsInPhilly
1987;#DemsInPhilly
1998;#StopGunViolence
1999;#MakeAmericaGreatAgain
2001;#enough
2001;#ImWithHer
2004;#DemsInPhilly
2006;#LGBT
2006;#Pulse
2007;#DemsInPhilly
2008;#DemsInPhilly
2009;#DemsInPhilly
2011;#DemsInPhilly
2013;#DemsinPhilly
2013;#DNCinPHL
2015;#DemsInPhilly
2019;#MakeAmericaGreatAgain
2020;#DemsInPhilly
2021;#DemConvention
2025;#MAGA
2032;#MakeAmericaGreatAgain
2037;#DemsInPHL
2047;#StrongerTogether
2047;#DemsinPhilly
2072;#DemConvention
2077;#DemsInPhilly
2082;#DemsInPhilly
2090;#WeMadeHistory
2095;#RollCallVote
2096;#RollCallVote
2097;#WeMadeHistory
2098;#ImWithHer
2098;#DemsInPhilly
2100;#WeMadeHistory
2102;#DemsInPhilly
2103;#DemsInPhilly
2104;#DemsInPhilly
2105;#WeMadeHistory
2110;#DemConvention
2111;#DemsinPHL
2112;#MakeAmericaGreatAgain
2113;#TrumpPence16
2113;#MAGA
2114;#TrumpPence16
2114;#MAGA
2115;#DemsInPHL
2116;#DemsInPHL
2122;#DemsInPhilly
2123;#DemsInPhilly
2128;#DemsInPhilly
2130;#DemsInPhilly
2133;#DemsInPhilly
2134;#DemsInPhilly
2135;#DemsInPhilly
2138;#DemsInPhilly
2139;#DemsInPhilly
2140;#DemsInPhilly
2143;#DemsInPhilly
2146;#DemsInPhilly
2147;#DemConvention
2148;#DemsInPhilly
2150;#DemsInPhilly
2151;#DemsInPhilly
2153;#DemsInPhilly
2156;#DemsInPhilly
2159;#DemConvention
2160;#DemsInPhilly
2161;#DemsInPhilly
2162;#DemsInPhilly
2163;#DemsInPhilly
2167;#DemsInPhilly
2169;#DemConvention
2170;#DemsInPhilly
2171;#DemsInPhilly
2172;#DemsInPhilly
2173;#DemsInPhilly
2178;#DemsInPhilly
2179;#DemsInPhilly
2180;#DemsInPhilly
2183;#DemsInPhilly
2184;#DemsInPhilly
2184;#LoveTrumpsHate
2185;#DemsInPhilly
2188;#DemConvention
2191;#TrumpPence16
2192;#TrumpPence16
2193;#LGBT
2194;#DemConvention
2195;#DemConvention
2197;#TrumpPence16
2212;#MAGA
2218;#MakeAmericaGreatAgain
2252;#RNCinCLE
2254;#HillaryKaine2016
2259;#ClintonKaine
2289;#ImWithHer
2291;#StrongerTogether
2302;#MakeAmericaSafeAgain
2308;#ClintonKaine
2308;#ImWithHer
2315;#VirWINia
2340;#RNCinCLE
2349;#RNCinCLE
2351;#TrumpPence16
2358;#RNCInCLE
2360;#RNCwithBernie
2362;#RNCinCLE
2363;#RNCinCLE
2364;#RNCinCLE
2366;#RNCinCLE
2369;#RNCInCLE
2370;#RNCInCLE
2373;#RNCinCLE
2373;#TrumpIsWithYou
2373;#MakeAmericaGreatAgain
2374;#RNCinCLE
2376;#RNCinCLE
2377;#RNCinCLE
2381;#NATO
2381;#StandTogether
2382;#TrumpYourself
2384;#RNCinCLE
2388;#RNCinCLE
2390;#RNCinCLE
2390;#TrumpPence2016
2391;#TrumpYourself
2392;#TrumpYourself
2394;#RNCinCLE
2395;#TrumpYourself
2400;#RNCinCLE
2401;#AmericaFirst
2401;#RNCinCLE
2405;#GOPinCLE
2405;#GOPConvention
2405;#AmericaFirst
2408;#RNCinCLE
2410;#RNCinCLE
2411;#RNCinCLE
2412;#RNCinCLE
2415;#RNCinCLE
2416;#AmericaFirst
2416;#RNCinCLE
2417;#RNCinCLE
2419;#RNCinCLE
2420;#RNCINCLE
2421;#AmericaFirst
2421;#RNCinCLE
2422;#RNCinCLE
2423;#RNCinCLE
2424;#RNCinCLE
2426;#AmericaFirst
2428;#RNCinCLE
2429;#GOPConvention
2429;#AmericaFirst
2429;#RNCinCLE
2436;#CitizensUnited
2437;#RNCinCLE
2449;#RNCinCLE
2451;#RNCinCLE
2452;#RNCinCLE
2453;#RNCinCLE
2455;#RNCinCLE
2456;#RNCinCLE
2457;#RNCinCLE
2459;#RNCinCLE
2460;#RNCinCLE
2462;#RNCinCLE
2463;#RNCinCLE
2464;#RNCinCLE
2472;#RNCinCLE
2485;#GOPConvention
2486;#RNCinCLE
2487;#RNCinCLE
2490;#RNCinCLE
2491;#RNCinCLE
2494;#RNCinCLE
2495;#RNCinCLE
2498;#RNCinCLE
2499;#GOPConvention
2499;#RNCinCLE
2500;#RNCinCLE
2503;#RNCinCLE
2510;#StrongerTogether
2514;#MakeAmericaSafeAgain
2528;#AIDSFreeGeneration
2531;#RNCinCLE
2538;#60Minutes
2559;#campaignfinance
2559;#CitizensUnited
2561;#TrumpPence16
2565;#ImWithHer
2575;#Turkey
2576;#MikePence
2590;#NeverTrump
2599;#JuntosSePuede
2601;#IranDeal
2617;#ImWithYou
2618;#Trump2016
2618;#ImWithYou
2624;#fixdemocracyfirst
2631;#CrookedHillary
2638;#CrookedHillary
2659;#ImWithHer
2659;#FeelTheBern
2663;#CrookedHillary
2663;#ImWithYou
2664;#ImWithYou
2666;#Trump2016
2669;#NAACP107
2671;#Trump2016
2671;#ImWithYou
2673;#WORK
2674;#CrookedHillary
2680;#CrookedHillary
2710;#Orlando
2710;#StoptheHate
2714;#ImWithYou
2727;#NeverForget
2727;#Srebrenica
2732;#Trump2016
2745;#Trump2016
2747;#Wimbledon
2773;#TBT
2778;#AmericaFirst
2778;#Trump2016
2779;#Trump2016
2783;#PhilandoCastile
2785;#Trump2016
2785;#AmericaFirst
2788;#Frozen
2861;#FirstInPOTUS
2865;#RiggedSystem
2881;#Trump2016
2881;#AmericaFirst
2905;#ImWithYou
2906;#AmericaFirst
2906;#LeadRight2016
2908;#AmericaFirst
2909;#AmericaFirst
2910;#ImWithYou
2910;#AmericaFirst
2914;#ImWithYou
2914;#AmericaFirst
2917;#ImWithYou
2917;#WCS16
2919;#ImWithYou
2919;#AmericaFirst
2921;#AmericaFirst
2925;#makersandtakers
2931;#TBT
2939;#StoptheHate
2946;#WakeUpAmerica
2971;#Trump2016
2977;#CreatorsAskHRC
2980;#CreatorsAskHRC
2988;#CrookedHillary
2988;#Trump2016
2990;#POTUS
2991;#UPUPUP
2993;#Trump
3006;#SCOTUS
3011;#TurnUpToVote
3030;#OHHillYes
3039;#Trump2016
3039;#MAGA
3040;#dtmag
3043;#CrookedHillary
3054;#USMC2016
3055;#ImWithHer
3056;#NYCPride
3066;#DemPlatform
3067;#DemPlatform
3068;#DemPlatform
3069;#DemPlatform
3076;#AmericaFirst
3086;#WestVirginia
3089;#ImWithYou
3099;#BrexitVote
3100;#Brexit
3101;#BrexitVote
3103;#BrexitVote
3104;#BrexitVote
3119;#DemocraticSitIn
3120;#imwithyou
3123;#TitleIX
3124;#Trump
3124;#Clinton
3128;#Imwithyou
3131;#CrookedHillary
3133;#SCOTUS
3134;#NoBillNoBreak
3138;#NoBillNoBreak
3139;#gunviolence
3139;#sitin
3139;#AsLongAsItTakes
3139;#NoBillNoBreak
3139;#NoMoreSilence
3140;#NoBillNoBreak
3141;#DisarmHate
3141;#sitin
3141;#EndGunViolence
3143;#NotOneMore
3144;#NoBillNoBreak
3145;#NoBillNoBreak
3146;#NoBillNoBreak
3146;#holdthefloor
3146;#NoMoreSilence
3147;#goodtrouble
3147;#NoBillNoBreak
3150;#Olmstead
3155;#GIBill
3155;#veterans
3156;#MoreInCommon
3165;#Imwithyou
3222;#DisarmHate
3224;#DisarmHate
3225;#WorldRefugeeDay
3246;#MakeAmericaGreatAgain
3249;#Trump2016
3250;#Trump2016
3251;#Trump2016
3251;#AmericaFirst
3252;#LaudatoSi
3256;#Trump2016
3256;#AmericaFirst
3257;#Trump2016
3257;#AmericaFirst
3260;#Trump2016
3260;#AmericaFirst
3264;#AmericaFirst
3264;#Trump2016
3266;#AmericaFirst
3270;#Trump2016
3270;#AmericaFirst
3271;#Charleston9
3275;#AmericaFirst
3277;#TrumpDallas
3283;#Trump
3299;#Trump2016
3300;#ShesWithUs
3307;#OrlandoUnited
3307;#Enough
3307;#Filibuster
3312;#AmericaFirst
3312;#Trump2016
3313;#AmericaFirst
3323;#AmericaFirst
3326;#OrlandoUnited
3330;#ArmyBDay
3337;#NetNeutrality
3361;#Trump2016
3373;#StanleyCup
3412;#Trump2016
3412;#AmericaFirst
3413;#AmericaFirst
3415;#AmericaFirst
3416;#AmericaFirst
3416;#TrumpTrain
3421;#MakeAmericaGreatAgain
3424;#Trump2016
3431;#RTM2016
3431;#Trump2016
3433;#Trump2016
3445;#Trump2016
3454;#MakeAmericaGreatAgain
3461;#Trump2016
3474;#WIBackHer
3497;#ImWithHer
3498;#AmericaFirst
3498;#Trump2016
3500;#HistoryMade
3504;#ImWithHer
3519;#Trump2016
3520;#ImWithHer
3522;#Trump2016
3523;#Trump2016
3524;#Trump2016
3526;#Trump2016
3529;#ImWithHer
3552;#MakeAmericaGreatAgain
3556;#CAPrimary
3572;#DDay
3576;#DDay
3581;#1
3593;#Decision2016
3595;#POTUS
3595;#Elkhart
3595;#MakeAmericaGreatAgain
3612;#VoteTrump2016
3612;#TrumpTrain
3619;#MakeAmericaGreatAgain
3619;#CAPrimary
3629;#ImWithHer
3640;#Women4Ttump
3640;#Trump2016
3647;#Trump2016
3656;#MAGA
3656;#TRUMP2016
3659;#GunViolence
3672;#SaveElephants
3679;#MakeAmericaGreatAgain
3679;#Trump2016
3685;#Teachers4Trump
3685;#CA4Trump
3685;#NeverDems
3687;#MakeAmericaGreatAgain
3690;#Caribbean
3697;#MakeAmericaGreatAgain
3697;#Trump2016
3723;#Trump2016
3733;#UnderstandSlavery
3744;#MemorialDay
3748;#TRUMP
3750;#Trump2016
3763;#MDW
3771;#Trump2016
3776;#Trump2016
3780;#Trump2016
3783;#MakeAmericaGreatAgain
3783;#Trump2016
3786;#TBT
3791;#MeetTheTrumps
3791;#Trump2016
3793;#Trump2016
3794;#Trump2016
3797;#SallyRideDay
3807;#UAW
3809;#Trump2016
3810;#ActOnClimate
3831;#TrumpTrain
3831;#MakeAmericaGreatAgain
3835;#Trump2016
3835;#MakeAmericaGreatAgain
3837;#Trump2016
3882;#Trump2016
3887;#Trump2016
3887;#MAGA
3898;#StopGunViolence
3899;#ArmedForcesDay
3905;#TrumpTrain
3916;#ImWithHer
3917;#Trump2016
3919;#MakeAmericaGreatAgain
3919;#Trump2016
3922;#Trump2016
3922;#2A
3923;#MichaelBrown
3923;#MothersoftheMovement
3923;#ChangeAgents
3929;#SecondAmendment
3929;#2A
3944;#TBT
3946;#SayHerName
3975;#Trump2016
3976;#MakeAmericaGreatAgain
3985;#AmericaFIRST
3987;#Trump2016
3987;#MakeAmericaGreatAgain
3989;#MakeAmericaGreatAgain
4005;#MegynKellyPresents
4010;#MakeAmericaGreatAgain
4019;#Trump
4040;#VoteTrump
4040;#ORPrimary
4053;#MadeInAmerica
4059;#SCOTUS
4073;#MakeAmericaGreatAgain
4073;#Trump2016
4076;#Trump2016
4083;#Trump2016
4109;#TBT
4110;#InternationalNursesDay
4114;#Trump2016
4116;#Trump2016
4120;#TBT
4132;#WashingtonDC
4132;#Statehood
4151;#MakeAmericaGreatAgain
4151;#Trump2016
4153;#MakeAmericaGreatAgain
4153;#Trump2016
4158;#MakeAmericaGreatAgain
4158;#Trump2016
4160;#MakeAmericaGreatAgain
4160;#Trump2016
4170;#VoteTrump
4170;#MakeAmericaGreatAgain
4170;#Trump2016
4171;#VoteTrump
4171;#MakeAmericaGreatAgain
4171;#Trump2016
4178;#RepMikeKelly
4182;#NebraskaPrimary
4182;#Trump2016
4182;#TrumpForPresident
4206;#MattSchlapp
4206;#jenniferrubin
4206;#GOP
4212;#MothersDay
4220;#MadeForHistory
4224;#KentuckyDerby
4250;#MakeAmericaGreatAgain
4250;#TrumpTrain
4254;#Trump2016
4261;#Trump2016
4261;#MakeAmericaGreatAgain
4269;#CincoDeMayo
4273;#SmallBizWeek
4287;#ThanksObama
4307;#TeacherAppreciationDay
4308;#Trump2016
4308;#MakeAmericaGreatAgain
4325;#INPrimary
4325;#VoteTrump
4327;#INPrimary
4327;#Trump2016
4327;#VoteTrump
4330;#Trump2016
4331;#Trump2016
4331;#VoteTrump
4332;#INPrimary
4332;#VoteTrump
4334;#INPrimary
4334;#VoteTrump
4335;#VoteTrump
4335;#INPrimary
4339;#INPrimary
4340;#MakeAmericaGreatAgain
4342;#VoteTrump
4342;#INPrimary
4342;#MakeAmericaGreatAgain
4344;#INPrimary
4344;#Trump2016
4347;#Trump2016
4347;#MakeAmericaGreatAgain
4366;#INPrimary
4367;#Trump2016
4367;#INPrimary
4368;#MakeAmericaGreatAgain
4369;#APAHM
4372;#WHCD
4374;#FNS
4378;#MayDay
4379;#Trump2016
4381;#WomanCard
4383;#WomanCard
4384;#Trump2016
4384;#MAGA
4386;#LoveTrumpsHate
4391;#WomanCard
4392;#HillaryOnCNN
4393;#WomanCard
4399;#Trump2016
4404;#Trump2016
4407;#WomanCard
4408;#WomanCard
4409;#INDPrimary
4411;#Trump
4415;#MakeAmericaGreatAgain
4416;#TBT
4417;#TBT
4436;#Trump2016
4437;#Indiana
4438;#MakeAmericaGreatAgain
4442;#WomanCard
4447;#womancard
4457;#ImWithHer
4480;#Trump2016
4484;#Trump2016
4485;#Trump2016
4486;#Trump2016
4487;#Trump2016
4493;#Trump2016
4496;#MakeAmericaGreatAgain
4496;#VoteTrump
4497;#VoteTrump
4498;#VoteTrump
4499;#VoteTrump
4500;#VoteTrump
4507;#EstoyConElla
4509;#Trump2016
4514;#MSNBCTownhall
4515;#MakeAmericaGreatAgain
4515;#Trump2016
4516;#MSNBCTownhall
4517;#CTPrimary
4517;#DEPrimary
4517;#MDPrimary
4517;#PAPrimary
4517;#RIPrimary
4520;#EstoyConElla
4521;#MakeAmericaGreatAgain
4522;#PAPrimary
4522;#VoteTrump
4523;#RIPrimary
4523;#VoteTrump
4544;#NYPrimary
4544;#GOP
4554;#Trump2016
4554;#MakeAmericaGreatAgain
4554;#TrumpTrain
4555;#MakeAmericaGreatAgain
4555;#Trump2016
4557;#MakeAmericaGreatAgain
4557;#Trump2016
4559;#MakeAmericaGreatAgain
4563;#Trump2016
4565;#Trump2016
4566;#MakeAmericaGreatAgain
4566;#Trump2016
4567;#Trump2016
4567;#MakeAmericaGreatAgain
4568;#EarthDay
4572;#ActOnClimate
4574;#MakeAmericaGreatAgain
4574;#Trump2016
4582;#Prince
4582;#HillaryClinton
4589;#StopGunViolence
4591;#TBT
4591;#HillaryOnGMA
4594;#Trump2016
4599;#Trump2016
4599;#MakeAmericaGreatAgain
4605;#Trump360
4606;#Trump2016
4628;#MakeAmericaGreatAgain
4628;#Trump2016
4631;#TrumpTrain
4631;#Trump2016
4631;#MakeAmericaGreatAgain
4632;#PrimaryDay
4633;#MakeAmericaGreatAgain
4636;#Trump2016
4636;#MakeAmericaGreatAgain
4638;#PrimaryDay
4639;#NewYorkValues
4639;#NYPrimary
4639;#VoteTrump
4640;#POTUS
4640;#Trump2016
4640;#VoteTrumpNY
4640;#PrimaryDay
4644;#MakeAmericaGreatAgain
4644;#VoteTrump
4645;#ICYMI
4645;#Trump2016
4645;#VoteTrumpNY
4646;#PrimaryDay
4647;#PrimaryDay
4648;#Trump2016
4648;#MakeAmericaGreatAgain
4649;#iVoted
4649;#PrimaryDay
4656;#NYPrimary
4657;#FightForFamilies
4659;#EastVillage
4660;#LSSC
4665;#FightForFamilies
4669;#HoustonFlood
4671;#FightForFamilies
4679;#NewYorkValues
4681;#MakeAmericaGreatAgain
4686;#HRC4PA
4693;#MakeAmericaGreatAgain
4693;#Trump2016
4694;#NYPrimary
4694;#TrumpTrain
4695;#Trump2016
4696;#VoteTrumpNY
4696;#MakeAmericaGreatAgain
4698;#Trump2016
4698;#presidenttrump
4698;#primary
4700;#NYPrimary
4701;#NYPrimary
4702;#ICYMI
4708;#NYPrimary
4708;#Trump2016
4709;#Trump2016
4710;#Trump2016
4712;#NYPrimary
4712;#Trump2016
4713;#MakeAmericaGreatAgain
4713;#Trump2016
4717;#Trump2016
4718;#Trump2016
4718;#TrumpTrain
4720;#NewYorkValues
4721;#MakeAmericaGreatAgain
4721;#Trump2016
4722;#Trump2016
4722;#MakeAmericaGreatAgain
4723;#Trump2016
4723;#NewYorkValues
4724;#MakeAmericaGreatAgain
4724;#Trump2016
4725;#Trump2016
4725;#NYPrimary
4726;#Trump2016
4726;#TrumpTrain
4734;#TrumpTrain
4743;#MakeAmericaGreatAgain
4743;#Trump2016
4743;#TrumpTrain
4747;#MakeAmericaGreatAgain
4753;#NewYorkValues
4758;#MakeAmericaGreatAgain
4758;#trump2016
4760;#MAKEAMERICAGREATAGAIN
4762;#trump
4763;#HaileyPuckett
4765;#I
4770;#WakeUpAmerica
4771;#NewDay
4771;#MakeAmericaGreatAgain
4777;#MakeAmericaGreatAgain
4783;#WIPrimary
4783;#Trump2016
4783;#MAGA
4785;#Wisconsin
4785;#MakeAmericaGreatAgain
4785;#TrumpTrain
4789;#DonaldTrump
4791;#WIPrimary
4791;#Trump2016
4793;#Trump2016
4793;#WIPrimary
4795;#Wisconsin
4797;#Trump2016
4797;#WIPrimary
4800;#VoteTrumpWI
4800;#WIPrimary
4801;#MakeAmericaGreatAgain
4801;#Trump2016
4802;#WIPrimary
4802;#Trump2016
4803;#MakeAmericaGreatAgain
4803;#Trump2016
4804;#MakeAmericaGreatAgain
4804;#Trump2016
4805;#Trump2016
4806;#Trump2016
4806;#WIPrimary
4807;#MakeAmericaGreatAgain
4807;#Trump2016
4808;#WISCONSIN
4812;#VoteTrump
4813;#Trump2016
4814;#Racine
4814;#Wausau
4814;#EauClaire
4814;#Trump2016
4814;#WIPrimary
4814;#TrumpTrain
4817;#JohnRyder
4818;#WIPrimary
4818;#Trump2016
4826;#WIPrimary
4826;#Trump2016
4831;#Trump2016
4832;#Trump2016
4832;#MakeAmericaGreatAgain
4833;#VoteTrump
4833;#WIPrimary
4835;#Trump2016
4838;#WIPrimary
4838;#Trump2016
4839;#MakeAmericaGreatAgain
4839;#Trump2016
4840;#MakeAmericaGreatAgain
4840;#Trump2016
4844;#Trump2016
4846;#MakeAmericaGreatAgain
4867;#WIPrimary
4867;#MakeAmericaGreatAgain
4884;#WOMEN4TRUMP
4886;#Derp
4890;#LyingTed
4903;#VoteTrump2016
4912;#LyingTed
4912;#NeverCruz
4915;#Trump2016
4924;#Trump2016
4924;#MakeAmericaGreatAgain
4924;#TrumpTrain
4928;#Trump2016
4928;#WesternTuesday
4928;#TrumpTrain
4931;#POTUS
4933;#UtahCaucus
4933;#UTCaucus
4933;#MakeAmericaGreatAgain
4933;#Trump2016
4934;#ArizonaPrimary
4934;#AZPrimary
4934;#MakeAmericaGreatAgain
4934;#Trump2016
4935;#VoteTrump
4935;#AZPrimary
4935;#ArizonaPrimary
4935;#UtahCaucus
4935;#UTCaucus
4935;#AmericanSamoa
4936;#Brussels
4938;#Arizona
4942;#AIPAC2016
4954;#VoteTrump
4954;#AZPrimary
4954;#MakeAmericaGreatAgain
4954;#Trump2016
4955;#VoteTrump
4955;#MakeAmericaGreatAgain
4956;#MakeAmericaGreatAgain
4957;#MakeAmericaGreatAgain
4958;#WattersWorld
4958;#Trump2016
4959;#VoteTrump
4959;#MakeAmericaGreatAgain
4961;#MakeAmericaGreatAgain
4961;#Trump2016
4964;#TrumpCountry
4964;#Utah
4964;#Mormon
4964;#UtahPrimary
4964;#Utah4Trump
4966;#Utah
4968;#voteTrump
4969;#Trump
4969;#Trump
4970;#Trump2016
4971;#AZ
4971;#UT
4974;#MakeAmericaGreatAgain
4974;#Trump2016
4975;#Trump2016
4978;#Trump2016
4978;#MakeAmericaGreatAgain
4986;#MakeAmericaGreatAgain
4986;#Trump2016
4987;#Trump2016
4987;#MakeAmericaGreatAgain
4998;#MakeAmericaGreatAgain
4998;#Trump2016
5013;#Trump2016
5029;#MakeAmericaGreatAgain
5032;#SuperTuesday
5032;#MakeAmericaGreatAgain
5032;#Trump2016
5033;#Trump2016
5033;#SuperTuesday
5033;#MakeAmericaGreatAgain
5035;#SuperTuesday
5035;#MakeAmericaGreatAgain
5035;#Trump2016
5036;#SuperTuesday
5036;#Trump2016
5036;#MakeAmericaGreatAgain
5043;#CNN
5052;#SuperTuesday
5052;#VoteTrump
5053;#VoteTrump
5053;#SuperTuesday
5059;#GO
5063;#MakeAmericaGreatAgain
5064;#VoteTrump
5064;#Trump2016
5065;#MakeAmericaGreatAgain
5067;#VoteTrump
5069;#VoteTrump
5070;#VoteTrump
5070;#Trump2016
5070;#MakeAmericaGreatAgain
5071;#TrumpTrain
5084;#EndCommonCore
5084;#Trump2016
5090;#MakeAmericaGreatAgain
5090;#Trump2016
5091;#MakeAmericaGreatAgain
5091;#Trump2016
5098;#VoteTrump
5098;#Trump2016
5099;#Trump2016
5100;#MakeAmericaGreatAgain
5100;#Trump2016
5108;#GOPDebate
5109;#NeverTrump
5110;#Trump2016
5110;#MakeAmericaGreatAgain
5111;#GOPDebate
5112;#Donald
5114;#LightweightSenatorMarcoRubio
5115;#MakeAmericaGreatAgain
5115;#Trump2016
5117;#Trump2016
5119;#TrumpTrain
5119;#Trump2016
5120;#Trump2016
5121;#Trump2016
5122;#Trump2016
5123;#Trump2016
5126;#TrumpWaikiki
5126;#Mahalo
5127;#Mediafraud
5143;#MSPrimary
5153;#TRUMPDOG
5154;#TrumpTrain
5157;#1
5162;#Trump2016
5163;#MakeAmericaGreatAgain
5166;#Trump2016
5166;#SuperSaturday
5167;#Trump2016
5167;#SuperSaturday
5168;#MakeAmericaGreatAgain
5170;#VoteTrump
5170;#MakeAmericaGreatAgain
5171;#TrumpTrain
5172;#LittleMarco
5176;#KansasCaucus
5176;#MakeAmericaGreatAgain
5176;#Trump2016
5177;#CaucusForTrump
5178;#VoteTrump
5178;#MakeAmericaGreatAgain
5184;#MakeAmericaGreatAgain
5184;#Trump2016
5185;#MakeAmericaGreatAgain
5185;#VoteTrump
5186;#MakeAmericaGreatAgain
5187;#MakeAmericaGreatAgain
5187;#Trump2016
5188;#VoteTrumpMI
5190;#MakeAmericaGreatAgain
5190;#Trump2016
5191;#MorningJoe
5193;#Trump2016
5194;#MakeAmericaGreatAgain
5194;#Trump2016
5195;#GOPDebate
5198;#MakeAmericaGreatAgain
5198;#Trump2016
5199;#Trump2016
5200;#GOPDebate
5200;#TrumpTrain
5202;#MAGA
5215;#MakeAmericaGreatAgain
5215;#Trump2016
5221;#KenLangone
5221;#NeilCavuto
5221;#Fox
5223;#OnTheRecord
5229;#SuperTuesday
5233;#Trump2016
5233;#SuperTuesday
5234;#Trump2016
5234;#SuperTuesday
5235;#Trump2016
5235;#SuperTuesday
5236;#Trump2016
5236;#SuperTuesday
5237;#Trump2016
5237;#SuperTuesday
5238;#Trump2016
5238;#SuperTuesday
5239;#SuperTuesday
5239;#Trump2016
5240;#VoteTrump
5240;#MakeAmericaGreatAgain
5241;#VoteTrump
5241;#Trump2016
5241;#MakeAmericaGreatAgain
5241;#SuperTuesday
5243;#SuperTuesday
5243;#MakeAmericaGreatAgain
5247;#FAIL
5247;#Politician
5249;#VoteTrump
5249;#SuperTuesday
5250;#VoteTrump
5250;#SuperTuesday
5251;#NASCAR
5251;#Trump2016
5251;#VoteTrump
5254;#VoteTrump
5256;#Trump2016
5257;#MakeAmericaGreatAgain
5257;#Trump2016
5258;#MakeAmericaGreatAgain
5258;#Trump2016
5260;#MakeAmericaGreatAgain
5260;#Trump2016
5263;#Trump2016
5267;#RobotRubio
5281;#MakeAmericaGreatAgain
5284;#AlwaysTrump
5284;#Trump2016
5284;#TrumpTrain
5287;#StopCommonCore
5287;#MakeAmericaGreatAgain
5291;#RogerStone
5298;#VoteTrump
5299;#Trump2016
5302;#MakeAmericaGreatAgain
5302;#Trump2016
5303;#Greta
5306;#MakeAmericaGreatAgain
5307;#Trump2016
5307;#MakeAmericaGreatAgain
5309;#MakeAmericaGreatAgain
5309;#Trump2016
5325;#LoneStarState
5325;#SuperTuesday
5325;#MakeAmericaGreatAgain
5327;#Trump2016
5329;#GOPDebate
5329;#MakeAmericaGreatAgain
5330;#Trump2016
5331;#MakeAmericaGreatAgain
5331;#Trump2016
5334;#Trump2016
5335;#MakeYoutubeGreatAgain
5335;#Trump2016
5342;#VoteTrump
5342;#MakeAmericaGreatAgain
5347;#MakeAmericaGreatAgain
5349;#NoLoyalty
5351;#Trump2016
5358;#Trump2016
5364;#Trump2016
5368;#Trump2016
5368;#MakeAmericaGreatAgain
5373;#NVcaucus
5375;#VoteTrumpNV
5375;#NevadaCaucus
5380;#TrumpLV
5381;#NevadaCaucus
5381;#VoteTrumpNV
5389;#NevadaCaucus
5389;#VoteTrumpNV
5390;#VoteTrumpNV
5390;#NevadaCaucus
5391;#Trump2016
5391;#TrumpNV
5395;#VoteTrumpVT
5396;#VoteTrumpMI
5397;#VoteTrumpNC
5398;#VoteTrumpMA
5400;#VoteTrumpIL
5401;#trump2016
5401;#ICYMI
5402;#Hannity
5402;#Trump2016
5409;#BikersForTrump
5409;#VoteTrumpNV
5411;#Trump2016
5418;#VoteTrumpNV
5418;#Trump2016
5421;#VoteTrumpNV
5421;#Trump2016
5428;#Trump2016
5440;#SCPrimary
5440;#MakeAmericaGreatAgain
5441;#WATCH
5443;#fairandbalancedmyass
5444;#VoteTrump
5444;#VoteTrump
5444;#VoteTrump
5446;#Ted
5447;#SouthCarolina
5452;#ObamaCare
5452;#MAKEAMERICAGREATAGAIN
5456;#ObamaCare
5457;#SCPrimary
5457;#VoteTrumpSC
5457;#MakeAmericaGreatAgain
5458;#MakeAmericaGreatAgain
5460;#VoteTrumpSC
5460;#Trump2016
5461;#Trump2016
5461;#VoteTrumpSC
5462;#vaticanwalls
5463;#SCPrimary
5463;#Trump2016
5464;#SCPrimary
5464;#Trump2016
5470;#VoteTrumpSC
5471;#Trump2016
5476;#SCPrimary
5476;#VoteTrumpSC
5476;#Trump2016
5477;#MakeAmericaGreatAgain
5477;#Trump2016
5478;#MakeAmericaGreatAgain
5478;#Trump2016
5485;#POTUS
5485;#Trump2016
5486;#SCPrimary
5493;#Colbert
5493;#LSSC
5494;#MakeAmericaGreatAgain
5494;#Trump2016
5496;#TeamTrump
5496;#MaitnerStrong
5497;#VoteTrumpSC
5498;#MakeAmericaGreatAgain
5501;#VoteTrumpSC
5502;#VoteTrumpSC
5503;#MakeAmericaGreatAgain
5504;#Trump2016
5504;#VoteTrumpSC
5520;#GOPDebate
5522;#GOPDebate
5524;#GOPDebate
5525;#GOPDebate
5529;#Trump
5529;#Ford
5529;#Carrier
5529;#Jobs
5529;#Mexico
5531;#SouthCarolinaPrimary
5532;#Trump2016
5542;#Trump2016
5542;#MakeAmericaGreatAgain
5546;#MakeAmericaGreatAgain
5551;#Trump2016
5555;#MakeAmericaGreatAgain
5566;#MakeAmericaGreatAgain
5566;#Trump2016
5567;#MakeAmericaGreatAgain
5570;#Trump2016
5570;#MakeAmericaGreatAgain
5579;#MakeAmericaGreatAgain
5579;#SCPrimary
5590;#FITN
5590;#NHPrimary
5595;#FITN
5595;#NHPrimary
5595;#VoteTrumpNH
5596;#VoteTrumpNH
5597;#VoteTrumpNH
5597;#MakeAmericaGreatAgain
5597;#FITN
5604;#FITN
5605;#FITN
5605;#NHPrimary
5605;#VoteTrumpNH
5607;#FITN
5607;#VoteTrumpNH
5612;#CommonCore
5613;#FITN
5613;#NHPrimary
5617;#GOPDebate
5617;#SuperBowlSunday
5617;#SB50
5618;#FITN
5618;#NHPrimary
5621;#FITN
5621;#VoteTrumpNH
5627;#GOPDebate
5628;#GOPDebate
5637;#GOPDebate
5638;#GPLFers
5639;#GOPDebate
5641;#MakeAmericaGreatAgain
5641;#TrumpTrain
5647;#FITN
5647;#NHPrimary
5650;#Hannity
5650;#MAKEAMERICAGREATAGAIN
5652;#VoteTrump
5660;#TrumpSupporters
5663;#MakeAmericaGreatAgain
5664;#MakeAmericaGreatAgain
5665;#MakeAmericaGreatAgain
5667;#NewHampshire
5667;#FITN
5667;#VoteTrumpNH
5669;#FITN
5669;#NHPolitics
5669;#Trump2016
5674;#Trump2016
5679;#Trump2016
5681;#MakeAmericaGreatAgain
5681;#VotersSpeak
5682;#MakeAmericaGreatAgain
5682;#FITN
5684;#ObamaCare
5686;#CruzFraud
5695;#FITN
5695;#Trump2016
5698;#TrumpTrain
5712;#CaucusForTrump
5713;#CaucusForTrump
5713;#IACaucus
5715;#CaucusForTrump
5716;#CaucusForTrump
5729;#IACaucus
5729;#CaucusForTrump
5733;#CaucusForTrump
5736;#IACaucus
5736;#CaucusForTrump
5743;#MakeAmericaGreatAgain
5743;#Trump2016
5743;#IACaucus
5745;#Trump2016
5746;#IACaucus
5746;#Trump2016
5747;#MakeAmericaGreatAgain
5747;#Trump2016
5750;#GOPDebate
5756;#IACaucus
5756;#MakeAmericaGreatAgain
5756;#GOPDebate
5758;#ThankAVet
5759;#GOPDebate
5765;#Trump4Vets
5766;#Trump2016
5768;#GOPDebate
5769;#MichaelMoore
5769;#FoxNews
5769;#ROGERAILES
5775;#Iowa
5781;#YUGE
5789;#Trump2016
5789;#MakeAmericaGreatAgain
5796;#Trump2016
5796;#MakeAmericaGreatAgain
5797;#GOPDebate
5798;#MakeAmericaGreatAgain
5798;#Trump2016
5800;#Trump2016
5801;#Trump2016
5801;#IACaucus
5803;#GOPdebate
5806;#IACaucus
5806;#MakeAmericaGreatAgain
5808;#MakeAmericaGreatAgain
5808;#Trump2016
5826;#FITN
5826;#Trump2016
5827;#FITN
5828;#IowaCaucus
5830;#FITN
5836;#VoteTrump
5836;#IACaucus
5836;#FITN
5836;#Trump2016
5839;#NewYork
5839;#Jonas
5839;#NewYorkValues
5840;#IACaucus
5840;#Trump2016
5840;#MakeAmericaGreatAgain
5842;#Trump2016
5843;#Trump2016
5843;#MakeAmericaGreatAgain
5847;#WeAreBernie
5847;#WeWantTrump
5847;#makeamericagreatagain
5847;#trump
5848;#With_Cruz_you_lose
5848;#MakeAmericaGreatAgain
5848;#trump2016
5854;#VoteTrump
5855;#MakeAmericaGreatAgain
5856;#FITN
5856;#Trump2016
5857;#Trump2016
5857;#IACaucus
5858;#Trump2016
5861;#AmericaGreatAgain
5863;#Excellent
5870;#Trump2016
5873;#IACaucus
5873;#MakeAmericaGreatAgain
5882;#Trump2016
5882;#VoteTrump
5886;#Trump2016
5886;#RNC
5887;#Trump2016
5889;#POTUS
5895;#Trump2016
5897;#Trump2016
5900;#MakeAmericaGreatAgain
5900;#Trump2016
5901;#MakeAmericaGreatAgain
5901;#Trump2016
5908;#MaryBrigidMcManamon
5908;#CommonLaw
5908;#NaturalBorn
5908;#TedCruz
5909;#MaryBrigidMcManamon
5909;#Cruz
5911;#laurencetribe
5912;#TedCruz
5912;#LaurenceTribe
5913;#MakeAmericaGreatAgain
5913;#VoteTrump
5914;#TrumpTrain
5917;#Trump2016
5921;#FITN
5921;#IACaucus
5921;#MakeAmericaGreatAgain
5921;#Trump2016
5923;#Trump2016
5924;#Trump2016
5925;#Trump2016
5932;#MakeAmericaGreatAgain
5932;#Trump2016
5933;#VoteTrump
5936;#FITN
5936;#Trump2016
5938;#FITN
5938;#Trump2016
5938;#NHPolitics
5939;#Trump2016
5943;#MakeAmericaGreatAgain
5943;#Trump2016
5948;#Trump2016
5948;#MakeAmericaGreatAgain
5948;#ECONOMY
5955;#Trump2016
5956;#MakeAmericaGreatAgain
5956;#Trump2016
5959;#TeamTrump
5962;#CBNNews
5962;#2016
5966;#Trump2016
5967;#Trump2016
5968;#Trump2016
5969;#Obamacare
5973;#Trump2016
5983;#MakeAmericaGreatAgain
5983;#Trump2016
5997;#HarveyPitt
5999;#GOPDebate
6002;#Trump2016
6005;#VoteTrump
6010;#Trump2016
6014;#FoxNews
6014;#Trump2016
6015;#VoteTrump
6016;#VoteTrump
6016;#IowaCaucus
6018;#VoteTrump
6019;#VoteTrump
6019;#MakeAmericaGreatAgain
6019;#Trump2016
6022;#VoteTrump
6022;#Trump2016
6022;#IACaucus
6022;#FITN
6022;#IAPolitics
6027;#SOTU
6028;#SOTU
6029;#Trump2016
6030;#IACaucus
6030;#FITN
6033;#Trump2016
6036;#TeamTrump
6042;#Trump2016
6044;#MakeAmericaGreatAgain
6044;#Trump2016
6047;#MakeAmericaGreatAgain
6047;#Trump2016
6050;#GoldenGlobe
6051;#LESM
6051;#Trump2016
6071;#Laurence
6076;#FoxNews
6076;#MakeAmericaGreatAgain
6076;#Trump2016
6083;#Rubio
6083;#Bush
6111;#ISIS
6111;#DavidCameron
6111;#WH
6115;#Trump4President
6123;#Trump2016
6125;#MAKE
